,Owner,Repo
0,Ko-kn3t,CVE-2020-25270
1,FasterXML,jackson-databind
3,tarantula-team,CSS-injection-in-Swagger-UI
4,bao7uo,RAU_crypto
5,eclipse-ee4j,mojarra
6,DaveGamble,cJSON
8,frohoff,ysoserial
9,libexpat,libexpat
10,missing0x00,CVE-2018-5354
11,grocy,grocy
12,libjpeg-turbo,libjpeg-turbo
14,vulnbe,poc-yaws-dav-xxe
15,libproxy,libproxy
17,Icinga,icingaweb2
19,Ko-kn3t,CVE-2020-25271
20,jamesagnew,hapi-fhir
21,bobfuzzer,CVE
22,CendioOssman,tigervnc
23,ImageMagick,ImageMagick
25,libgd,libgd
26,FasterXML,jackson-modules-java8
27,radare,radare2
28,openvswitch,ovs
29,envoyproxy,envoy
30,hannob,optionsbleed
31,vt-middleware,cryptacular
37,bluecity,CMS
38,LibRaw,LibRaw
39,missing0x00,CVE-2018-5353
40,pluxml,PluXml
42,NLnetLabs,routinator
43,oauthjs,node-oauth2-server
44,gpac,gpac
46,libarchive,libarchive
47,kevinbackhouse,SecurityExploits
48,libssh2,libssh2
49,alibaba,nacos
50,glpi-project,glpi
51,GetSimpleCMS,GetSimpleCMS
52,halo-dev,halo
53,lodestone-security,CVEs
54,TYPO3,Fluid
56,gdraheim,zziplib
57,aldeed,simpl-schema
58,plataformatec,devise
59,Fluorohydride,ygopro
60,oauth-xx,oauth-ruby
61,Ko-kn3t,CVE-2020-25273
63,tenable,routeros
64,Ko-kn3t,CVE-2020-25272
66,kr0za,bugs
67,vulnbe,poc-yaws-cgi-shell-injection
68,goharbor,harbor
69,pypa,pip
70,pluck-cms,pluck
72,bzyo,cve-pocs
73,ory,fosite
74,tensorflow,tensorflow
75,hacklcx,HFish
79,anx1ang,cve_requests
80,jenaye,aapanel
82,DrunkenShells,Disclosures
83,eclipse,xtext-xtend
88,missing0x00,CVE-2020-26061
90,illumos,illumos-gate
92,arachnys,cabot
94,DevGroup-ru,dotplant2
96,dbry,WavPack
97,boku7,tailorMS-rXSS-Keylogger
98,antchfx,xmlquery
99,phaag,nfdump
102,bodil,sized-chunks
106,mdadams,jasper
110,Ko-kn3t,CVE-2020-25487
111,mumble-voip,mumble
115,thomasfady,CVE-2020-25867
116,FrontAccountingERP,FA
117,hyperium,http
118,kubernetes,kubernetes
119,nginx,njs
120,BlackCatDevelopment,BlackCatCMS
121,zoujingli,ThinkAdmin
122,sooraj24,new
123,ImpressCMS,impresscms
125,inunosinsi,soycms
129,PHPMailer,PHPMailer
130,erlyaws,yaws
131,osquery,osquery
134,kn007,silk-v3-decoder
135,AU-COVIDSafe,mobile-android
136,alwentiu,CVE-2020-14292
137,TeamSeri0us,pocs
139,inspircd,inspircd
141,torvalds,linux
144,uclouvain,openjpeg
146,php-fusion,PHP-Fusion
147,jgm,peg-markdown
148,mity,md4c
149,bludit,bludit
150,ShielderSec,CVE-2020-11579
158,CCCCCrash,POCs
167,lukaszstu,SmartAsset-CORS-CVE-2020-26527
168,netty,netty
171,eddietcc,CVEnotes
173,trentm,json
174,Fadavvi,CVE-2018-17431-PoC#confirmation-than-bug-exist-2018-09-25-ticket-id-xwr-503-79437
175,xuxueli,xxl-job
176,hyd3sec,TravelManagementSystemRCE
179,rapid7,metasploit-framework
181,LuaJIT,LuaJIT
182,Codiad,Codiad
184,inflixim4be,User-Enumeration-on-Umanni-RH
186,verdammelt,tnef
191,hyd3sec,HouseRental_Unauth_RCE
192,FreeRDP,FreeRDP
196,hacksparrow,safe-eval
197,Gr3gPr1est,BugReport
199,jerryscript-project,jerryscript
203,contiki-ng,contiki-ng
204,milkytracker,MilkyTracker
207,starnightcyber,Miscellaneous
208,fragrant10,cve
210,NavigateCMS,Navigate-CMS
211,gunet,openeclass
212,rails,rails
213,jtesta,gog_galaxy_client_service_poc
214,Sylius,SyliusResourceBundle
215,russellhaering,goxmldsig
216,rust-lang,rust
217,w4fz5uck5,wp-file-manager-0day
218,godotengine,godot
222,johnkerl,miller
223,Exiv2,exiv2
224,pts,sam2p
225,fouzhe,security
226,dariomanesku,cmft
229,itodaro,cve
230,hyd3sec,CarRentalManagement-Unauth-RCE-WebApp
233,FLIF-hub,FLIF
235,samuelhuntley,Moxa_AWK_1121
238,jdordonezn,CVE-2020-72381
242,dominictarr,event-stream
243,bitpay,copay
246,nothings,stb
247,cn-uofbasel,ccn-lite
248,PAGalaxyLab,VulInfo
250,leesavide,abcm2ps
253,magicj3lly,appexploits
255,ChijinZ,security_advisories
256,kermitt2,pdfalto
257,grandnew,software-vulnerabilities
259,justinsteven,advisories
260,golang,go
261,sickcodes,security
262,thejinchao,jpeg_encoder
264,ebel34,bpg-web-encoder
265,BrianWGray,msf
266,V1n1v131r4,CSRF-on-ArGoSoft-Mail-Server
267,qoli,Merlin.PHP
269,AndrewScheidecker,WAVM
271,bbbrumley,portsmash
275,mz-automation,libiec61850
277,tsfn,doc2txt
279,jenaye,pligg
281,SegfaultMasters,covering360
284,qpdf,qpdf
285,michaelrsweet,mxml
287,sandboxescape,Sandboxie-5.26-Sandbox-Escape-Exploit
297,ntu-sec,pocs
299,epistemophilia,CVEs
300,mpruett,audiofile
303,dropbox,lepton
304,agambier,libsvg2
305,MauroEldritch,lempo
306,maxieds,ChameleonMiniLiveDebugger
308,AvaterXXX,JTBC
309,toiron,setest
311,MidnightBSD,src
312,inflixim4be,Brute-Force-on-Umanni-RH
315,WhooAmii,whooamii.github.io
317,jansol,LuPng
319,danijar,definitions
320,libming,libming
321,flypuma,vul
323,brackeen,ok-file-formats
326,sass,libsass
327,sek1th,iot
328,Snowty,myCVE
329,zyingp,temp
330,VirusTotal,yara
331,bnbdr,swisscheese
335,ansible,ansible
336,google,security-research
337,Ramikan,Vulnerabilities
338,r0ck3t1973,xss_payload
340,mirumee,saleor
341,PrestaShop,PrestaShop
343,theart42,cves
344,whitehatdefenses,KlicUnLock
347,erusev,parsedown
348,sischkg,xfer-limit
349,cobub,razor
350,itodaro,doorGets_cve
352,pr0v3rbs,CVE
354,halfbitteam,POCs
362,containous,traefik
365,ereisr00,bagofbugz
366,mirchr,security-research
367,X-C3LL,PoC-CVEs
369,philippe,FrogCMS
371,coolboy0816,audit
372,roundcube,roundcubemail
376,OpenAPITools,openapi-generator
379,summ3rf,Vulner
380,wizlab-it,anviz-m3-rfid-cve-2019-11523-poc
382,EOSIO,eos
386,dinhvh,libetpan
387,apriorit,pentesting
388,aliasrobotics,RVD
389,nulsect0r,CVE-2019-12889
391,fuzzywalls,TRENDNetExploits
393,SouhailHammou,Panda-Antivirus-LPE
397,PyconUK,ConferenceScheduler-cli
398,fuzzlove,eLabFTW-1.8.5-EntityController-Arbitrary-File-Upload-RCE
399,contain-rs,linked-hash-map
401,xbmc,xbmc
403,i3umi3iei3ii,CentOS-Control-Web-Panel-CVE
405,mm2,Little-CMS
406,axiomatic-systems,Bento4
408,jhipster,jhipster-kotlin
409,jhipster,generator-jhipster
412,netblue30,firejail
413,b3log,wide
414,jbroadway,elefant
415,PanguL4b,pocs
417,kmkz,exploit
421,espocrm,espocrm
422,zxlie,FeHelper
424,NtRaiseHardError,Antimalware-Research
426,mehsauce,kowasuos
430,adplug,adplug
431,darkmentorllc,jackbnimble
432,flack,openpsa
435,ankane,field_test
436,tintinweb,pub
437,NLnetLabs,nsd
438,InnotecSystem,Device-Reversing
446,reevesrs24,CVE
449,notkisi,CVE-s
452,Piwigo,Piwigo
456,sungjungk,keyring_crack
457,rubyzip,rubyzip
458,MostafaSoliman,Security-Advisories
461,gradle,gradle
464,idreamsoft,iCMS
465,alexazhou,VeryNginx
466,miniupnp,ngiflib
467,knik0,faad2
469,slicer69,doas
471,caokang,waimai
472,antirez,redis
474,antirez,kilo
475,badnack,Insteon_2864-222
477,rockcarry,ffjpeg
480,RIOT-OS,RIOT
487,wtfutil,wtf
488,botlabsDev,CVE-2020-11881
489,OctopusDeploy,Issues
490,dahua966,Routers-vuls
491,beerpwn,CVE
493,sdnewhop,sdwannewhope
497,gusrmsdlrh,CVE-Reserved2
499,shyiko,ktlint
502,ricardojoserf,CVE-2019-19033
503,AvaterXXX,laobanCMS
505,novysodope,empireCMS7.5
506,fuzzywalls,CVE-2019-10999
507,QingdaoU,OnlineJudge
511,istio,istio
513,iamweifan,jooan
515,RootSoull,Vuln-Poc
516,ellwoodthewood,tellabs_rce
519,0x8b30cc,DSL-2680-Multiple-Vulnerabilities
522,bigtreecms,BigTree-CMS
531,glennrp,libpng
536,EduSec,EduSec
544,opencv,opencv
551,rubygems,rubygems.org
552,qbittorrent,qBittorrent
553,saitoha,libsixel
554,haproxy,haproxy
556,nepenthe0320,cve_poc
557,dzflack,exploits
559,scarvell,grandstream_exploits
563,Kirin-say,Vulnerabilities
565,garis,Fastgate
568,Thinstation,thinstation
570,icon-project,loopchain
572,kornelski,rust-rgb
573,Sigil-Ebook,flightcrew
574,SuperSalsa20,Doccms-Execute-Code
579,FreySolarEye,CVE
580,mikedamm,CVEs
581,directus,api
582,rancher,rancher
584,Wocanilo,CVE-2019-14537
586,zi0Black,POC-CVE-2018-0114
590,0katz,CVE-2019-12476
595,kkos,oniguruma
596,makandra,consul
598,boku7,StockManagement-XSS-Login-CredHarvester
600,havok89,Hoosk
604,sargun,fuse-example
608,B3Bo1d,CVE-2019-13403
609,fmtlib,fmt
613,gdnsd,gdnsd
615,jogetworkflow,jw-community
616,Slovejoy,dnsmasq-pre2.76
620,axiomatic-systems,bento4
621,xiaoqx,pocs
622,openexr,openexr
627,seedis,zzcms
628,agadient,SERVEEZ-CVE
630,pippo-java,pippo
633,xujeff,tianti
636,GreenCMS,GreenCMS
638,Cacti,cacti
639,Bo0oM,PHP_imap_open_exploit
640,iSafeBlue,freeswitch_rce
643,tarantula-team,CVE-2019-19012
646,hfp,libxsmm
648,d4wner,Vulnerabilities-Report
651,decentL,IoT
652,symphonycms,symphony-2
653,cesanta,mongoose
657,tim124058,ASUS-SmartHome-Exploit
658,zldww2011,CVE-2018-0802_POC
659,rxwx,CVE-2018-0802
661,arrow-kt,arrow
662,arrow-kt,ank
665,MacDownApp,macdown
668,Matheus-Garbelini,esp32_esp8266_attacks
670,ZIllR0,Routers
672,splitbrain,dokuwiki
673,calamares,calamares
687,seqred-s-a,cve-2019-14326
688,GitHubAssessments,CVE_Assessment_05_2018
691,netdata,netdata
694,cnlh,nps
696,xCss,Valine
698,imagemlt,metinfo
700,Jacquais,BlinkVuln
702,jakgibb,nagiosxi-root-rce-exploit
704,bi7s,CVE
705,bagisto,bagisto
706,VulDetailsPublication,Poc
707,Imanfeng,fastadmin
708,gusrmsdlrh,CVE-2019-18195
709,ChandlerChin,Dlink_vuls
710,cl0udz,vulnerabilities
711,xseignard,rpi
717,alkacon,opencms-core
718,typora,typora-issues
719,matomo-org,matomo
720,webbukkit,dynmap
721,srsec,-srsec-
723,embedthis,goahead
724,psytester,psytester.github.io
730,michaelrsweet,codedoc
731,markgruffer,markgruffer.github.io
732,troglobit,ssdp-responder
733,matrixssl,matrixssl
739,angeloanatrella86,CVE-2019
741,kvesteri,validators
742,radareorg,radare2
743,marcIhm,yabasic
744,LibreDWG,libredwg
746,underprotection,CVE-2019-19550
749,upx,upx
750,CESNET,libyang
753,tbeu,matio
754,V1n1v131r4,Exploiting-Postie-WordPress-Plugin-
758,jonschlinkert,kind-of
761,svgpp,svgpp
767,proofofcalc,cve-2019-6453-poc
768,westes,flex
770,labapart,gattlib
772,insi2304,MQTTRoute-fuzz
774,Fire30,CTF-WRITEUPS
779,jbeder,yaml-cpp
780,0xcc-Since2016,TP-Link-WDR-Router-Command-injection_POC
781,gongfuxiang,shopxo
782,fs0c131y,ESFileExplorerOpenPortVuln
783,kk98kk0,exploit
787,ZoneMinder,zoneminder
788,c610,tmp
790,OpenSC,OpenSC
791,cvereveal,CVEs
795,leonW7,D-Link
796,MalFuzzer,Vulnerability-Research
798,FantasticLBP,Hotels_Server
801,panghusec,exploit
803,bmantra,bmantra.github.io
806,rgaufman,live555
807,lieanu,vuls
808,bl4ckic3,GHS-Bugs
809,xw77cve,CVE-2019-7642
816,LoRexxar,CVE_Request
820,nafiez,nafiez.github.io
822,WebAssembly,binaryen
834,ManhNDd,CVE-2019-19204
841,DoubleLabyrinth,SdoKeyCrypt-sys-local-privilege-elevation
842,eclipse,wakaama
843,AvaterXXX,CVEs
850,seacms,seacms-v7.2
853,grayoneday,CVE-2019-9653
855,ekultek,cve-2019-7216
861,jetiben,jtbc
868,hashicorp,consul
875,richardgirges,express-fileupload
877,eset,vulnerability-disclosures
881,Self-Evident,OneFileCMS
882,solidusio,solidus
883,zhuowei,worthdoingbadly.com
884,prometheus,blackbox_exporter
889,Fysac,CVE-2019-20326
892,json-c,json-c
894,symphonycms,symphonycms
899,faye,faye-websocket-ruby
901,MrRio,jsPDF
902,faye,faye
903,tinymce,tinymce
908,megamagnus,cve-2020-15956
912,dlitz,pycrypto
915,FriendsOfTYPO3,mediace
916,ccxvii,mujs
918,bobfuzzer,CVE-2019-18885
919,s-kustm,Subodh
922,wshepherd0010,advisories
923,manvel-khnkoyan,jpv
929,neex,phuip-fpizdam
932,ankane,chartkick
933,trusteddomainproject,OpenDMARC
938,google,go-tpm
939,b3log,symphony
940,sungjungk,whoopsie_killer
941,chillzhuang,SpringBlade
946,bminor,bash
950,ossec,ossec-hids
955,mozilla,mozjpeg
958,sungjungk,whoopsie_killer2
960,vladvector,vladvector.github.io
961,BlockChainsSecurity,EtherTokens
962,cybersecurityworks,Disclosed
966,erikd,libsndfile
968,pratikshad19,CVE-2020-15053
969,ethereumjs,ethereumjs-vm
970,Debian,apt
974,inflixim4be,CVE-2020-15392
975,wsummerhill,BSA-Radar_CVE-Vulnerabilities
976,sulu,sulu
977,418sec,huntr
978,dojo,dojo
979,Critical-Start,Team-Ares
980,projectatomic,bubblewrap
982,haiwen,seafile-client
983,kjur,jsrsasign
984,raspberrytorte,tortoise
985,mruby,mruby
986,mimblewimble,grin-security
987,chocolate-doom,chocolate-doom
994,CLP-team,Vigor-Commond-Injection
996,lajarajorge,CVE-2017-1000475
998,qurbat,gpon
1006,osTicket,osTicket
1007,DylanVann,react-native-fast-image
1009,troglobit,uftpd
1010,pratikshad19,CVE-2020-15052
1011,pratikshad19,CVE-2020-15051
1012,indutny,elliptic
1013,security-provensec,CVE-2018-19599
1017,boiteasite,cmsuno
1018,InfoSec4Fun,CVE-2020-13158
1019,pramodmahato,BlogCMS
1022,cpandya2909,CVE-2020-15778
1024,micwallace,wallacepos
1026,inflixim4be,CVE-2020-15367
1029,cherokee,webserver
1030,dexterone,Vigor-poc
1032,GilaCMS,gila
1033,jaygreig86,dmitry
1034,EmreOvunc,WebPort-v1.19.1-Reflected-XSS
1036,sockjs,sockjs-node
1037,andsnw,sockjs-dos-py
1039,EmreOvunc,FileRun-Vulnerabilities
1041,w3irdo001,demo
1043,Shopify,quilt
1044,jenaye,KumbiaPHP-
1046,monstra-cms,monstra
1047,kuc001,IoTFirmware
1051,opencart,opencart
1054,Ysurac,FlightAirMap
1055,wrongsid3,Sysax-MultiServer-6.90-Multiple-Vulnerabilities
1056,sartlabs,OSCE-Prep
1057,XiphosResearch,exploits
1058,salesagility,SuiteCRM
1062,jquery,api.jqueryui.com
1064,ansible-collections,kubernetes
1065,hessandrew,CVE-2020-13884
1066,tendermint,tendermint
1068,wolfcms,wolfcms
1070,emoncms,emoncms
1073,flask-admin,flask-admin
1075,theguly,exploits
1076,kbgsft,vuln-dext5editor
1077,kevva,url-regex
1078,sysstat,sysstat
1079,lathiat,avahi
1081,FiyoCMS,FiyoCMS
1082,grafana,grafana
1083,fuzzlove,ATutor-2.2.4-Language-Exploit
1087,vanillaforums,Garden
1088,d7x,CVE-2020-12432
1091,y5s5k5,CVE-2020-13634
1095,igrigorik,em-http-request
1098,modzero,MZ-20-02-NETGEAR-Orbi-Security
1101,rishaldwivedi,Public_Disclosure
1102,contentful,the-example-app.py
1103,Mochazz,Mochazz.github.io
1104,0FuzzingQ,vuln
1114,Submitty,Submitty
1115,jupyterhub,kubespawner
1118,sleuthkit,sleuthkit
1122,fireeye,Vulnerability-Disclosures
1125,fierceoj,ownklok
1130,normanluhrmann,infosec
1134,BrunoBulle,GNUTeca3.8
1135,OpenVPN,openvpn
1136,kbgsft,vuln-AIWAF
1143,getredash,redash
1148,python,cpython
1149,kevva,decompress
1151,nilsteampassnet,TeamPass
1152,ohler55,agoo
1153,onkyoworm,poc
1157,belong2yourself,vulnerabilities
1160,agentejo,cockpit
1162,Ideame,paypal-adaptive-sdk-nodejs
1163,DivanteLtd,vue-storefront-api
1166,nathunandwani,shareit-cwe-789
1167,openemr,openemr
1168,Frichetten,CVE-2020-11108-PoC
1169,Loginsoft-Research,hdf5-reports
1171,kbgsft,vuln-dext5upload
1172,memcached,memcached
1173,croogo,croogo
1175,domenic,svg2png
1176,antonraharja,playSMS
1178,Guilherme-Rubert,CVE-2020-9461
1179,proglottis,gpgme
1180,wagtail,wagtail
1189,jenaye,cve
1191,axel-download-accelerator,axel
1192,dojo,dojox
1193,gbarr,perl-Convert-ASN1
1196,jooby-project,jooby
1198,node-modules,jscover
1200,j-holub,Node-MPV
1202,OWASP,json-sanitizer
1204,14isnot40,vul_discovery
1206,Venan24,SCMS
1207,umarfarook882,Avast_Multiple_Vulnerability_Disclosure
1209,Daniel-itsec,AdvancedSystemCare
1210,stedolan,jq
1215,hestiacp,hestiacp
1217,mulesoft,apikit
1218,gottburgm,Exploits
1220,vim,vim
1221,containers,buildah
1222,nathan7,fun-map
1223,v1k1ngfr,exploits-rconfig
1225,azkaban,azkaban
1227,evanmiller,libxls
1231,Project-Pier,ProjectPier-Core
1234,monkey,monkey
1237,slims,slims8_akasia
1239,deeplook,svglib
1241,hook-s3c,CVE-2018-11776-Python-PoC
1243,cinzinga,CVEs
1244,intelliants,subrion
1245,easybuilders,easybuild-framework
1247,twitter,secure_headers
1248,huzaifahussain98,CVE-2019-17525
1249,manolo,gwtupload
1250,sipa,bitcoin
1252,cyrillos,nasm
1256,mpgn,CVE-2019-3799
1259,EnginDemirbilek,EnginDemirbilek.github.io
1260,argoproj,argo-cd
1261,AntonKueltz,fastecdsa
1262,s1kr10s,Sumavision_EMR3.0
1263,clarkgrubb,data-tools
1269,dropwizard,dropwizard
1270,brianmario,yajl-ruby
1271,Jian-Xian,CVE-POC
1272,J3rryBl4nks,GenixCMS
1273,munkireport,munkireport-php
1278,kyletimmermans,blackboard-xss
1279,enferex,pdfresurrect
1280,l0nax,CVE-2019-15233
1281,seqred-s-a,gxdlmsdirector-cve
1282,Wh1t3Rh1n0,exploits
1284,Nat-Lab,CVE-2018-5951
1285,skvadrik,re2c
1287,eclipse,che
1288,maptiler,tileserver-gl
1291,ElberTavares,routers-exploit
1293,EyesOfNetworkCommunity,eonconf
1295,phpmyadmin,phpmyadmin
1299,J3rryBl4nks,PHPMyChatPlus
1300,trentm,python-markdown2
1306,faizzaidi,Zurmo-Stable-3.1.1-XSS-By-Provensec-LLC
1307,thingsSDK,wifiscanner
1313,mssalvatore,CVE-2019-14751_PoC
1314,the-girl-who-lived,CVE-2020-11539
1315,helm,helm
1318,phpipam,phpipam
1319,jsj730sos,cve
1321,adeoluwa-adebiyi,Mikrotik-Router-Monitoring-System
1322,seemoo-lab,frankenstein
1323,diegohaz,querymen
1325,VenusADLab,EtherTokens
1326,y5s5k5,CVE-2020-14955
1327,InfoSec4Fun,CVE-2020-13159
1333,ProCheckUp,SafeScan
1334,Cossack9989,Vulns
1335,MichaelAquilina,zsh-autoswitch-virtualenv
1340,SpengeSec,CVE-2019-19699
1341,zephyrproject-rtos,zephyr
1343,fkie-cad,FACT_core
1345,appneta,tcpreplay
1346,s3inlc,hashtopussy
1347,EyesOfNetworkCommunity,eonweb
1348,s3131212,allendisk
1355,vmware,harbor
1356,mitre,caldera
1357,openwrt,luci
1360,go-macaron,macaron
1362,TheCyberGeek,CVE-2020-5844
1363,y5s5k5,CVE-2020-13646
1366,HotelsDotCom,styx
1368,mclab-hbrs,BBB-POC
1373,hessandrew,CVE-2020-13885
1376,Katee,git-bomb
1378,njhartwell,pw3nage
1379,hessandrew,CVE-2020-9442
1387,buger,jsonparser
1388,xiayulei,open_source_bms
1393,nangge,noneCms
1395,pusher,oauth2_proxy
1396,yhirose,cpp-httplib
1397,leona4040,PSG-6528VM-xss
1398,nodef,heroku-addonpool
1400,redpwn,rctf
1405,trippo,ResponsiveFilemanager
1406,osmandapp,Osmand
1409,go-gitea,gitea
1410,threat9,routersploit
1412,quaertym,compass-compile
1413,ConradIrwin,em-imap
1417,bitcoin,bitcoin
1420,micronaut-projects,micronaut-core
1424,jensregel,Advisories
1425,viewvc,viewvc
1427,s1kr10s,EasyChatServer-DOS
1429,cardgate,woocommerce
1432,domainmod,domainmod
1438,lzlzh2016,MaeloStore
1439,anchorcms,anchor-cms
1440,migueltarga,CVE-2020-9380
1442,Guilherme-Rubert,CVE-2020-9460
1443,cardgate,magento2
1446,ladinas,Vulns_of_Embedded_Systems
1451,lolo-pop,poc
1452,mongoid,moped
1453,iximiuz,node-diskusage-ng
1454,RioIsDown,TC7337
1455,USCiLab,cereal
1463,rdf-ext-archive,rdf-graph-array
1467,eSecure-CVEs,CVEs
1469,saddean,research
1472,gogs,gogs
1474,J3rryBl4nks,eLection-TriPath-
1475,sparklemotion,nokogiri
1476,Ettercap,ettercap
1478,safecomet,EtherTokens
1479,ua-parser,uap-core
1480,0xEmma,CVEs
1482,J3rryBl4nks,CandidATS
1483,Pylons,waitress
1490,J3rryBl4nks,IceHRM
1492,websecnl,LabVantage8.3-Exploit
1493,klen,python-mode
1494,J3rryBl4nks,SOPlanning
1496,ManhNDd,CVE-2019-19203
1499,hellowuzekai,blockchains
1501,V1n1v131r4,Exploiting-WP-Database-Backup-WordPress-Plugin
1502,kolya5544,BearFTP
1504,codingdream,anyshare_vul
1505,matestack,matestack-ui-core
1509,seqred-s-a,cve-2019-14514
1510,ver007,testlink-1.9.19-sqlinject
1511,TestLinkOpenSourceTRMS,testlink-code
1515,niteosoft,simplejobscript
1516,linuxmint,mintupdate
1517,mitreid-connect,OpenID-Connect-Java-Spring-Server
1518,ClearCanvas,ClearCanvas
1520,harshit-shukla,CVE
1522,libav,libav
1524,jra89,CVE-2019-20059
1525,matuhn,Research
1528,joyplus,joyplus-cms
1529,J3rryBl4nks,CUPSEasyExploits
1530,hgarcia,curling
1532,antonreshetov,massCode
1537,0xedh,someshit
1538,V1n1v131r4,Exploiting-WP-Htaccess-by-BestWebSoft-Plugin
1539,J3rryBl4nks,SchoolERPCSRF
1540,maroueneboubakri,CVE
1544,yarnpkg,yarn
1550,dotCMS,core
1553,offensive-security,exploitdb
1556,tufangungor,tufangungor.github.io
1561,theyiyibest,Reflected-XSS-on-SockJS
1564,Perl-Toolchain-Gang,File-Temp
1566,atredispartners,advisories
1567,Lyrebirds,Cable-Haunt-Report
1568,someone42,hardware-bitcoin-wallet
1569,redis,hiredis
1574,opencast,opencast
1577,hoene,libmysofa
1578,Heartway,simditor
1580,krb5,krb5
1586,pkubowicz,opendetex
1595,dwfault,AirTokens
1597,weikengchen,attack-on-libgcrypt-elgamal
1598,fontforge,fontforge
1601,containers,libpod
1602,chengcheng227,CVE-POC
1605,colloqi,piSignage
1606,mikaku,Monitorix
1608,SmartContractResearcher,SmartContractSecurity
1609,PrivateBin,PrivateBin
1611,NationalSecurityAgency,ghidra
1614,ganglia,ganglia-web
1619,itm4n,CVEs
1621,Lyrebirds,Fast8690-exploit
1622,ros,ros_comm
1626,fontforge,libspiro
1629,Mad-robot,CVE-List
1630,jra89,CVE-2019-19735
1631,gopro,gpmf-parser
1641,uvoteam,libdoc
1644,jra89,CVE-2019-19734
1646,jra89,CVE-2019-19733
1648,archerysec,archerysec
1649,michaelrsweet,htmldoc
1654,HashBrownCMS,hashbrown-cms
1660,verot,class.upload.php
1669,V1n1v131r4,MIME-Confusion-Attack-on-Midori-Browser
1675,michaelforney,samurai
1680,theupdateframework,tuf
1683,open-lambda,open-lambda
1686,bolt,bolt
1687,warner,python-ecdsa
1690,purpl3-f0x,exploit-dev
1697,gluxon,CVE-2018-13257
1704,wssgcsc58,CVEs
1707,butterflyhack,hunspell-crash
1710,kairosdb,kairosdb
1712,fuzzlove,FUDforum-XSS-RCE
1713,nccgroup,TriforceLinuxSyscallFuzzer
1715,wolfSSL,wolfssl
1718,klezVirus,cves
1724,V1n1v131r4,HGB10R-2
1726,harshit-shukla,CVE-2019-19368
1727,blackarrowsec,advisories
1732,wuzhicms,wuzhicms
1733,ele7enxxh,poc-exp
1734,PebbleTemplates,pebble
1737,snyk,zip-slip-vulnerability
1739,Legrandin,pycryptodome
1745,sebsauvage,Shaarli
1747,Andhrimnirr,ClonOS-WEB-control-panel-multi-vulnerability
1748,ktorio,ktor
1749,m0rph-1,CVE-2019-19383
1753,jra89,CVE-2019-19738
1756,jbouse-debian,libesmtp
1757,gusrmsdlrh,CVE-Reserved3
1759,jra89,CVE-2019-19732
1763,ant-design,ant-design-pro
1767,sunhater,kcfinder
1768,marc-q,libwav
1770,d00rt,pedicom
1771,pandao,editor.md
1773,filipi86,ConnectBoxDOCSIS-3.0
1777,DelspoN,CVE
1782,aress31,cve-2017-12945
1783,lighttpd,lighttpd1.4
1784,axi0mX,alloc8
1785,miekg,dns
1786,monoxgas,mailorder
1794,PopojiCMS,PopojiCMS
1795,sbaresearch,advisories
1796,Elias-Black,Landing-CMS
1797,guardian,html-janitor
1806,cthackers,adm-zip
1807,Cherry-toto,jizhicms
1808,williamkapke,bson-objectid
1811,centreon,centreon
1814,RhinoSecurityLabs,CVEs
1815,typestack,class-validator
1816,QuizandSurveyMaster,quiz_master_next
1817,libyal,libfwsi
1822,z-song,laravel-admin
1823,shi-yang,jnoj
1824,UltramanGaia,Xiaomi_Mi_WiFi_R3G_Vulnerability_POC
1825,gotenigatien,Xorux-critical-vulnerability
1826,linhlhq,research
1827,gerwout,CVE-2019-9596-and-CVE-2019-9597
1829,modoboa,modoboa-dmarc
1831,ianxtianxt,gitbook-xss
1836,anx1ang,notes
1837,newbee-ltd,newbee-mall
1839,ivoschyk-cs,exploit_wp
1843,Ers4tz,vuln
1845,blau72,CVE-2018-20250-WinRAR-ACE
1846,HotaruCMS,HotaruCMS
1849,ramboxapp,community-edition
1851,rootclay,Audit-of-smart-contracts
1853,JameelNabbo,exploits
1854,Dmitriy-area51,Exploit
1855,baijunyao,laravel-bjyblog
1857,simpleledger,slpjs
1862,CylanceVulnResearch,disclosures
1864,gusrmsdlrh,CVE-PE204
1865,jra89,CVE-2019-19576
1867,JacksonGL,NPM-Vuln-PoC
1873,mastercactapus,proxyprotocol
1877,illagrenan,django-make-app
1892,sketler,sketler.github.io
1895,xiaoxiongwang,security
1906,chjj,marked
1908,kbgsft,vuln-limesurvey
1912,badnack,wemo_dos
1915,sosreport,sos-collector
1916,monburan,attack-baijiacmsV4-with-csrf
1917,badnack,d_link_880_bug
1919,i18next,i18next
1931,modxcms,revolution
1933,fecshop,yii2_fecshop
1935,balderdashy,waterline
1939,PaulLereverend,NextcloudVideo_Converter
1940,jfhbrook,node-ecstatic
1946,rpm-software-management,libcomps
1947,ARMmbed,mbed-os
1948,opencontainers,runc
1954,Andhrimnirr,Mintinstall-object-injection
1958,aas-n,CVE
1959,eclipse,buildship
1961,cactus,go-camo
1965,joyent,node
1971,ruibaby,halo
1973,zer0yu,CVE_Request
1976,punkave,sanitize-html
1979,tinylcy,vino
1982,kbgsft,vuln-wbce
1984,hisdeedsaredust,ttembed
1986,eloygn,IT_Security_Research_WirelessIP_camera_family
1993,mozilla,nunjucks
1994,matt-,nunjucks_test
1996,FurqanKhan1,CVE-2019-13497
2000,Tardis07,CVE_GO
2001,lolipop1234,XXD
2003,hapijs,hapi
2006,hessandrew,CVE-2019-17124
2008,jfinal,jfinal
2009,libyal,liblnk
2011,LavaLite,cms
2013,libtom,libtomcrypt
2022,WPO-Foundation,webpagetest
2023,dayrui,xunruicms
2031,M4ple,vulnerability
2035,Fabrik,fabrik
2038,zenspider,ruby_parser-legacy
2039,miruser,Roche-CVEs
2042,FurqanKhan1,CVE-2019-13496
2045,ruby-grape,grape
2046,request,request
2049,restify,node-restify
2051,fastify,fastify
2052,minecrater,exploits
2053,proftpd,proftpd
2054,ceph,ceph-iscsi-cli
2055,bgeesaman,subpath-exploit
2056,openSUSE,open-build-service
2057,ZJONSSON,node-unzipper
2063,espreto,wpsploit
2064,hackerlib,hackerlib-vul
2070,fluent,fluent-bit
2075,mqttjs,mqtt-packet
2076,mcollina,mosca
2079,felixge,node-mysql
2086,mholt,archiver
2088,skoranga,node-dns-sync
2093,KPN-CISO,CVE-2019-9745
2094,jonschlinkert,remarkable
2097,PwnMonkeyLab,YaleDoorlockVulnerability
2100,sari3l,cve-test
2101,marcobambini,gravity
2105,Gitaddy,vluns
2106,itm4n,bmc-patrol-mcmnm-privesc
2107,sequelize,sequelize
2129,Adhouma,cms
2134,get,parsejson
2137,evi1code,Just-for-fun
2141,c0mmand3rOpSec,CVE-2017-10271
2144,GitbookIO,gitbook
2145,vanhoefm,krackattacks-test-ap-ft
2148,ChALkeR,notes
2151,grails,grails-core
2152,numpy,numpy
2155,tenable,poc
2156,LucvanDonk,Siemens-Siemens-PLM-Software-TEAMCENTER-Reflected-Cross-Site-Scripting-XSS-vulnerability
2157,openshift,console
2162,codehaus-plexus,plexus-archiver
2179,broofa,node-mime
2180,jprichardson,string.js
2187,garycourt,uri-js
2190,fedora-infra,bodhi
2193,rubygems,rubygems
2198,ansible,ansible-modules-core
2200,node-modules,charset
2202,node-js-libs,cli
2208,XiaOkuoAi,XiaOkuoAi.github.io
2209,hackmdio,codimd
2213,emlog,emlog
2224,Blck4,blck4
2226,libofx,libofx
2229,chunibalon,Vulnerability
2246,rubyfly,Vir.IT-explorer_POC
2248,tadashi-aikawa,owlmixin
2249,Icinga,icinga2
2252,coincoin7,Wireless-Router-Vulnerability
2255,systemd,systemd
2259,L1ZhaoXin,Router-Vulnerability-Research
2266,lixmk,Concierge
2271,semplon,GeniXCMS
2272,ohler55,ox
2276,bbengfort,confire
2279,ilsani,rd
2281,faizzaidi,TYPO3-v7.6.15-Unencrypted-Login-Request
2282,LibreHealthIO,lh-ehr
2283,itodaro,cmsms_cve
2284,Pylons,colander
2285,libimobiledevice,libplist
2286,BastilleResearch,CableTap
2287,rebol0x6c,2345_mouse_poc
2289,zblogcn,zblogphp
2290,mefulton,asustorexploit
2291,kings-way,deepinhack
2292,xMagass,bandexploit
2294,nettitude,metasploit-modules
2296,OpenKMIP,PyKMIP
2297,rebol0x6c,2345poc
2299,Nhoya,MycroftAI-RCE
2300,ben-strasser,fast-cpp-csv-parser
2303,xdrr,vulnerability-research
2306,bbatsov,rubocop
2307,Orc,discount
2308,liblouis,liblouis
2309,Edward-L,fuzzing-pocs
2312,imsebao,404team
2313,arbahayoub,POC
2319,AJ-SA,Zoho-ManageEngine
2323,codeplea,genann
2325,ParsingTeam,ppsx-file-generator
2326,tezukanice,Office8570
2332,bitsadmin,exploits
2334,m0us3Sun,PHPCMS-v9
2335,wwwws1234,ucms
2336,bzyo,CVE-PoCs
2337,espruino,Espruino
2344,SadFud,Exploits
2347,rebol0x6c,2345_wm_syscommand
2349,EgeBalci,LG-Smart-IP-Device-Backup-Download
2352,saaramar,execve_exploit
2353,PatatasFritas,PatataWifi
2362,vim-syntastic,syntastic
2364,ckolivas,lrzip
2366,lfittl,libpg_query
2369,ldpreload,Disclosure
2371,KINGSABRI,CVE-in-Ruby
2372,eddietcc,CVE-Bins
2373,Athlon1600,php-proxy-app
2375,alt3kx,CVE-2018-12596
2378,rebol0x6c,2345_msg_poc
2379,zadewg,LIVEBOX-0DAY
2380,nkbai,defcon26
2381,richgel999,miniz
2382,can1357,CVE-2018-8897
2383,ethereum,go-ethereum
2388,mefulton,CVE-2018-11510
2390,Tanganelli,CoAPthon3
2392,WizardMac,ReadStat
2393,aubio,aubio
2398,arnobl,latexdraw
2399,Neeke,HongCMS
2400,jollheef,libreoffice-remote-arbitrary-file-disclosure
2403,dtschump,CImg
2406,GitHubAssessments,CVE_Assessment_03_2018
2407,blackstar24,UCMS
2410,yeyinshi,tuzicms
2411,Tanganelli,CoAPthon
2412,sanluan,PublicCMS
2414,94fzb,zrlog
2415,NucleusCMS,NucleusCMS
2416,security-breachlock,CVE-2018-16636
2419,remix30303,AirBoxDoom
2420,rocktronica,OneFileCMS
2427,thunlp,THULAC
2429,bcsanches,dbf2txt
2430,zsjevilhex,iot
2431,portainer,portainer
2432,lichti,shodan-portainer
2434,GitHubAssessments,CVE_Assessment_04_2018
2436,HUILYUH,wancms
2442,remix30303,AirBoxAPNLeaks
2443,asciidoctor,asciidoctor
2444,samtools,htslib
2445,howchen,howchen
2451,0xB9,LayerBB-1.1.3-CSRF
2458,k-takata,Onigmo
2460,weison-tech,yii2-cms
2464,narkisr,nmap4j
2467,OISF,suricata
2469,iwannay,jiacrontab
2470,kirillwow,ids_bypass
2491,iamckn,eques
2492,Dolibarr,dolibarr
2494,pandujar,advisories
2495,nmap,nmap
2497,ClipperCMS,ClipperCMS
2501,phuctam,Server-Side-Template-Injection-in-CraftCMS-
2511,n00dles,ogma-CMS
2513,syoyo,tinyexr
2516,lmsgit,lms
2517,transmission,transmission
2520,yzmcms,yzmcms
2521,boofish,GE_Proficy_Machine_Edition_Vuln
2522,pedrib,PoC
2523,fs0c131y,ConPresentations
2524,Moddable-OpenSource,moddable
2525,requests,requests
2527,dreadlocked,netwave-dosvulnerability
2532,wkeyuan,DWSurvey
2535,CuppaCMS,CuppaCMS
2536,security-breachlock,CVE-2018-17300
2544,l0nax,CVE-2019-15053
2545,firefly-iii,firefly-iii
2554,idcos,Cloudboot
2556,Laravel-Backpack,CRUD
2559,poropro,kuaifan
2565,ivoschyk-cs,CVE-s
2567,libyal,libpff
2573,lexborisov,myhtml
2576,getgrav,grav
2578,fuzzlove,ATutor-Instructor-Backup-Arbitrary-File
2582,seedis,Z-BlogPHP
2585,LetUsFsck,PoC-Exploit-Mirror
2587,wangyifani,kkcms
2588,jsummers,imageworsener
2590,gaozhifeng,PHPMyWind
2592,lucaottoni,reflectedxss_nagios
2595,thinksaas,ThinkSAAS
2598,nipunsomani,Opencart-3.x.x-Authenticated-Stored-XSS
2599,aio-libs,aiohttp-session
2600,frappe,frappe
2606,astaxie,beego
2607,tats,w3m
2608,ctz,rustls
2611,TEAM-C4B,CVE-LIST
2612,pagekit,pagekit
2613,tarantula-team,Multiple-Cross-Site-Scripting-vulnerabilities-in-Zoho-ManageEngine
2614,BloodHoundAD,BloodHound
2617,sungjungk,fp-scanner-hacking
2622,ClusterLabs,libqb
2623,gchq,CyberChef
2626,kyz,libmspack
2629,RiieCco,write-ups
2630,guiciwushuang,yzmcms
2638,flatCore,flatCore-CMS
2640,Laracommerce,laracom
2641,fragrant10,fragrant10.github.io
2642,jofpin,trape
2643,silnrsi,graphite
2647,zerohax,RedmineUP-XSS
2648,easysoft,zentaopms
2649,ethanhunnt,IoT_vulnerabilities
2651,kbrw,sweet_xml
2652,hapijs,bassmaster
2659,ignitedcms,ignitedcms
2660,leanote,leanote
2661,Kc57,JitBit_Helpdesk_Auth_Bypass
2665,peacexie,imcat
2666,puppetlabs,puppet
2669,Barakat,CVE-2019-16098
2670,cribdragg3r,offensive_research
2671,unh3x,unh3x.github.io
2674,saltstack,salt
2677,lynndylanhurley,devise_token_auth
2682,daylightstudio,FUEL-CMS
2687,novaksolutions,infusionsoft-php-sdk
2705,benoitc,gunicorn
2707,horde,horde
2712,syuilo,misskey
2719,igraph,igraph
2721,verdaccio,verdaccio
2728,twbs,bootstrap
2730,tarantula-team,CVE-2019-12543
2733,insi2304,mongoose-6.13-fuzz
2735,google,google-api-cpp-client
2737,tarantula-team,CVE-2019-12542
2746,mapproxy,mapproxy
2747,clementine-player,Clementine
2751,ngallagher,simplexml
2753,fekberg,GoHttp
2755,BoostIO,Boostnote
2761,memononen,nanosvg
2762,security-provensec,CVE-2018-16625
2765,lemon666,vuln
2776,thinkgem,jeesite
2779,IckoGZ,CVE-2019-13027
2780,acassen,keepalived
2792,cccaaasser,1CRM-CVE
2796,formers,former
2799,Kitsun3Sec,exploits
2800,domoticz,domoticz
2802,storaged-project,udisks
2808,evolution-cms,evolution
2814,inveniosoftware,invenio-app
2815,bg5sbk,MiniCMS
2817,webpack,webpack-dev-server
2819,fleetcaptain,integria-takeover
2825,prasmussen,glot-code-runner
2826,IdentityServer,IdentityServer4
2827,Snorby,snorby
2833,Creatiwity,wityCMS
2834,numirias,security
2842,ethereum,ethereumj
2844,pentestpartners,snippets
2849,Kiss-sh0t,e107_v2.1.9_XSS_poc
2852,AntSwordProject,antSword
2855,zhuxianjin,vuln_repo
2856,JayXon,Leanify
2857,lucasgcilento,CVE
2859,JameelNabbo,Jinja2-Code-execution
2862,Moeditor,Moeditor
2863,zhuzhuyule,HexoEditor
2867,mgrube,CVE-2019-9673
2871,tarantula-team,CVE-2019-12538
2873,apragacz,django-rest-registration
2874,inveniosoftware,invenio-previewer
2879,kikulo,DebugOpen
2883,hisiphp,hisiphp
2889,savon-noir,python-libnmap
2891,tuyenhva,CVE-2019-12189
2892,FoolMitAh,CVE-2018-14729
2898,LiodAir,images
2903,evict,poc_CVE-2018-1002105
2904,Yeraze,ytnef
2905,tarantula-team,CVE-2019-12949
2907,archivesunleashed,borg-reducer
2911,SpiderLabs,owasp-modsecurity-crs
2921,aquynh,capstone
2922,paypal,adaptivepayments-sdk-php
2924,simsong,tcpflow
2925,Tencent,HaboMalHunter
2931,security-provensec,CVE-2018-16626
2932,holychang,maccms8
2936,tarantula-team,CVE-2019-12541
2937,cebe,markdown
2939,rakjong,vuln
2942,projectsend,projectsend
2945,miniupnp,miniupnp
2946,cskaza,cszcms
2949,bnbdr,wd-rce
2951,9lyph,CVE-2019-12836
2957,f1tz,CVE_Request
2961,b3log,solo
2969,PHPOffice,PhpSpreadsheet
2975,fs0c131y,SamsungLocker
2982,getgridea,gridea
2985,urllib3,urllib3
2989,Gr4y21,My-CVE-IDs
2990,alt3kx,CVE-2019-10685
2993,ilosuna,mylittleforum
2996,wp-statistics,wp-statistics
2997,darconeous,libnyoci
2998,gscamelo,CVE-2018-20580
2999,hkglue,simditor_dom_xss
3000,hkglue,simditor_demo.git
3001,security-provensec,CVE-2018-16639
3002,security-breachlock,CVE-2018-16623
3005,axios,axios
3007,tuyenhva,CVE-2019-12190
3009,yogeshshe1ke,CVE
3010,security-breachlock,CVE-2018-16624
3014,kohana,kohana
3015,neex,gifoeb
3018,sinatra,sinatra
3023,foxglovesec,JavaUnserializeExploits
3024,jquery,jquery
3025,hercules-team,augeas
3026,php,php-src
3027,twigphp,Twig
3033,lcytxw,bug_repro
3034,kamailio,kamailio
3035,lavv17,lftp
3037,BigNerd95,WinboxExploit
3038,BasuCert,WinboxPoC
3044,yxcmf,ukcms
3051,leenooks,phpLDAPadmin
3059,urbanadventurer,WhatWeb
3062,dhananjay-bajaj,e107_2.1.8_csrf
3064,cumtxujiabin,CmsPoc
3065,EmreOvunc,CyBroHttpServer-v1.0.3-Directory-Traversal
3067,lazyphp,PESCMS-TEAM
3068,daveismyname,simple-cms
3069,chshcms,cscms
3070,fmsdwifull,tp5cms
3075,lengjibo,lengjibo.github.io
3076,auracms,AuraCMS
3079,star7th,showdoc
3080,EmreOvunc,CyBroHttpServer-v1.0.3-Reflected-XSS
3081,DownWithUp,CVE-2018-15499
3082,Juunan06,eCommerce
3085,dusaurabh,PHP
3087,ysrc,xunfeng
3090,embedthis,appweb
3091,MichaelWayneLIU,seacms
3093,sbmzhcn,EmpireCMS
3094,libyal,libesedb
3096,GitHubAssessments,CVE_Assessment_02_2018
3101,undefinedmode,CVE-2018-6643
3103,Vict00r,poc
3104,top-think,framework
3110,doramart,DoraCMS
3112,adilinden,cisco-config-manager
3113,libyal,libfsclfs
3115,Jas0nwhy,vulnerability
3116,unlcms,UNL-CMS
3119,alterebro,WeaselCMS
3120,quickapps,cms
3124,teameasy,EasyCMS
3128,gleez,cms
3129,smiffy6969,razorCMS
3139,dhananjay-bajaj,E107-v2.1.8-XSS-POC
3141,security-breachlock,CVE-2018-17301
3143,security-breachlock,CVE-2018-16447
3144,baigoStudio,baigoCMS
3145,dignajar,nibbleblog
3151,jumpscale7,jumpscale_portal
3152,0-complexity,openvcloud
3154,magic-FE,translate-man
3155,foosel,OctoPrint
3157,logological,gpp
3159,VictorAlagwu,CMSsite
3160,xxy961216,attack-baijiacmsV4-with-blind-sql-injection
3162,MicroPyramid,Django-CRM
3163,xxy961216,attack-baijiacmsV4-with-xss
3165,smarty-php,smarty
3170,ky-j,dedecms
3178,n0pn0pn0p,smart_contract_-vulnerability
3181,wacj1425,yiqicms
3183,source-trace,yunucms
3185,TEag1e,zzcms
3191,inikep,lizard
3193,drk1wi,portspoof
3194,maelosoki,MaeloStore
3197,AvaterXXX,CScms
3199,lemire,simdcomp
3207,TREYWANGCQU,LANKERS
3209,Jayl1n,CVE
3210,vbirds,Tinyftp
3211,wernsey,bitmap
3212,WAVM,WAVM
3213,0x09AL,0x09al.github.io
3220,redaxo,redaxo4
3222,x-f1v3,ForCve
3223,Pbootcms,Pbootcms
3226,yanchongchong,swallow
3229,remix30303,AsusXSS
3231,eclipse,jetty.project
3232,remix30303,AirboxLeak
3235,datadancer,HIAFuzz
3237,AvaterXXX,DESTOON
3243,sandyre,libopencad
3245,SukaraLin,php_code_audit_project
3248,security-breachlock,CVE-2018-17302
3251,blendin,pocs
3258,AvaterXXX,SEMCMS
3262,TiffanyBlue,PoCbyMyself
3266,embedi,CVE-2017-11882
3267,0x09AL,CVE-2017-11882-metasploit
3268,unamer,CVE-2017-11882
3269,rxwx,CVE-2017-11882
3270,qiubaoyang,CVEs
3271,top-think,think
3273,m3lon,XSS-Expoit
3277,qzw1210,springboot_authority
3278,bazad,ctl_ctloutput-leak
3289,blynkkk,blynk-server
3290,parcel-bundler,parcel
3291,sparksuite,simplemde-markdown-editor
3294,chemcms,ChemCMS
3295,MrR3boot,CVE-Hunting
3297,nixwizard,CVE-2018-15365
3298,YMFE,yapi
3299,JpressProjects,jpress
3300,remix30303,AsusLeak
3301,wuweiit,mushroom
3303,laolisafe,Kimsq
3306,redaxo,redaxo
3307,Xmansec,seacms_vul
3309,librenms,librenms
3314,cmsmadesimple,cmsmadesimple-2-0
3316,chekun,DiliCMS
3324,Yoast,wordpress-seo
3327,neo4j,neo4j
3333,vert-x3,vertx-web
3347,ZBWACD,CodeAudit
3348,ZhiyuanWang-Chengdu-Qihoo360,Malwarebytes_POC
3355,abeluck,stegdetect
3362,Leslie1sMe,laravelCMS
3363,Teakki,issue
3367,AvaterXXX,MiniCms
3372,0xUhaw,CVE-Bins
3374,BYVoid,OpenCC
3384,Boolector,boolector
3385,microweber,microweber
3392,AvaterXXX,catfish
3396,AvaterXXX,douchat
3401,Verytops,verydows
3404,kindsoft,kindeditor
3412,gquere,CVE-2017-6913
3413,zchuanzhao,jeesns
3415,mpdf,mpdf
3419,doublefast,yunucms
3421,spray,spray-json
3422,WhiteRabbitc,WhiteRabbitc.github.io
3428,JaxsonWang,WP-Editor.md
3433,taosir,wtcms
3437,AvaterXXX,XiaoCms
3439,martinzhou2015,SRCMS-dev
3452,ethereum,py-evm
3455,millken,doyocms
3460,bagesoft,bagecms
3464,Ni9htMar3,vulnerability
3472,AlwaysHereFight,monstra_cms-3.0.4--getshell
3473,httl,httl
3479,chenfeizhou,sikcms-v1.1
3482,himanshurahi,e107_2.1.9_CSRF_POC
3486,insi2304,mongoose-fuzz
3487,novysodope,Z-BlogPHP1.5Zero
3490,assnr,arcms
3492,sgayou,subaru_starlink_research
3499,ansilove,libansilove
3500,Yan-1-20,Yan-1-20.github.io
3503,HF9,yxcms-code-audit
3506,marshmallow-code,webargs
3512,cnxh,1024tools
3514,privacyidea,privacyidea
3517,JackDoan,TP-Link-ArcherC5-RCE
3522,Spicy1chicken,test
3523,UltimateHackers,Shiva
3524,Bixie,pagekit-portfolio
3527,securesystemslab,periscope
3534,baijiacms,baijiacmsV4
3536,jupyter,notebook
3537,ipython,ipython
3538,thephpleague,commonmark
3543,magicSwordsMan,PAAFS
3544,gnat,nc-cms
3550,pmd,pmd
3555,source-trace,beescms
3556,sqlalchemy,sqlalchemy
3558,no-security,sqlalchemy_test
3563,yangsuda,mopcms
3570,615,VulnPoC
3579,tamlok,vnote
3581,NS-Sp4ce,ZZCMS-XSS
3582,fakerrr,CmsEasy_7.0
3585,wowwooo,vnotes
3590,mzet-,Security-Advisories
3595,shadowsock5,ThinkCMF-5.0.190111
3598,8test,pentest
3599,MailCleaner,MailCleaner
3602,mpv-player,mpv
3608,huzr2018,orderby_SQLi
3612,pudding2,enphase-energy
3615,SublimeTextIssues,Core
3619,Sunvas,Eleanor-CMS
3620,GreenFoxy,Smart-contract-Vulnerabilities
3625,gongfuxiang,schoolcms
3626,rossant,ipycache
3627,source-trace,appcms
3629,PearlyNautilus,Security-Code-Review
3631,ManhNho,CVEs
3632,blazeinfosec,advisories
3640,seedis,zzcms-xss
3648,jadacheng,vulnerability
3649,forgeekscn,sftnow
3654,ClusterLabs,pacemaker
3659,taogogo,taocms
3660,Kyhvedn,CVE_Description
3665,w4fz5uck5,FTPGetter
3669,zhaopengme,gitnote
3675,mkucej,i-librarian
3678,mikelbring,tinyissue
3681,hamkovic,Mail-Masta-Wordpress-Plugin
3685,yaniswang,xhEditor
3691,strukturag,libheif
3692,livehybrid,poc-cribl-rce
3702,pytroll,donfig
3708,615,cms_vuln
3712,arterli,CmsWing
3715,hyyyp,HYBBS2
3722,preempt,credssp
3724,guobaoyou,vul_environment
3729,AndyRixon,LayerBB
3733,fs0c131y,CVE-2018-20555
3739,warringaa,CVEs#glory-systems-rbw-100
3740,ShaoGongBra,dhcms
3743,kyrie403,Vuln
3749,lmy1342554547,p2pProject
3752,lota,phamm
3758,Stephen-Tech,UCMS
3759,payfort,payfort-php-sdk
3761,beyond7176,njiandan-cms
3764,coreos,etcd
3768,security-breachlock,CVE-2018-16634
3769,S-LBK,teleport
3772,knik0,faac
3775,thinkcmf,cmfx
3776,bigric3,windrvr1260_poc4
3783,woider,ArticleCMS
3788,xpleaf,Blog_mini
3789,litespeedtech,openlitespeed
3794,security-breachlock,CVE-2018-16628
3795,RektInator,cod-steamauth-rce
3796,mongodb,mongo-python-driver
3798,security-breachlock,CVE-2018-16631
3801,OpenRefine,OpenRefine
3809,bagder,curl
3817,security-breachlock,CVE-2015-5454
3826,sharemice,phpcms_xss
3827,Dogfalo,materialize
3829,m3lon,CVE
3831,security-breachlock,CVE-2018-19596
3835,security-breachlock,CVE-2018-19598
3836,Uninett,mod_auth_mellon
3839,klenergy,ethereum-contracts
3841,paypal,merchant-sdk-php
3848,bigric3,windrvr1260_poc3
3849,security-breachlock,CVE-2018-19901
3856,cuba-platform,reports
3859,rhymix,rhymix
3860,security-breachlock,CVE-2018-19600
3861,esotalk,esoTalk
3862,security-breachlock,CVE-2018-16629
3865,novysodope,Qibosoft-CMS
3874,mate-desktop,mate-screensaver
3877,cooltey,C.P.Sub
3878,libguestfs,hivex
3880,teeworlds,teeworlds
3884,python,bugs.python.org
3886,ISCAS-Vulab,PoC_Nebula-Capsule-Pro-Wifi
3888,creditease-sec,insight
3889,QQ704568679,-
3893,Tautulli,Tautulli-Issues
3895,mcw0,PoC
3899,EmreOvunc,OpenSource-ERP-SQL-Injection
3902,mz-automation,lib60870
3913,craftercms,craftercms
3915,outflanknl,Exploits
3921,pixelimity,pixelimity
3925,security-breachlock,CVE-2018-19508
3927,rdincel1,Bolt-CMS-3.6.2---Cross-Site-Scripting
3929,security-breachlock,CVE-2018-19597
3931,dependabot,elixir-security-advisories
3935,Quindecim,Orbis-Exploit-5.x
3937,spotify,luigi
3943,Wechat-Group,weixin-java-tools
3946,Xmansec,cmsms_vul
3947,wuyouzhuguli,FEBS-Shiro
3950,advisto,peel-shopping
3954,davidrthorn,cross_reference
3956,siteserver,cms
3961,security-breachlock,CVE-2018-16630
3963,security-breachlock,CVE-2018-16632
3971,jimmykuu,gopher
3972,security-breachlock,CVE-2018-19903
3976,security-breachlock,CVE-2018-19906
3977,Paroxyste,Simply-Blog
3978,rocboss,ROCBOSS
3984,schettino72,sqla_yaml_fixtures
3991,mwrlabs,CVE-2018-4121
3992,fdbao,UsualToolCMS
3995,inf0seq,inf0seq.github.io
3997,ARM-software,arm-trusted-firmware
4007,audreyt,module-signature
4013,railsdog,spree
4017,atutor,ATutor
4019,kbni,owlky
4031,bigric3,poc2
4034,logern5,c1000a_xss
4042,vedees,wcms
4046,qinggan,phpok
4050,django,django
4053,quassel,quassel
4054,Twi1ight,fuzzing-pocs
4056,security-breachlock,CVE-2018-16633
4059,doorgets,CMS
4064,security-breachlock,CVE-2018-16635
4066,xuxueli,xxl-conf
4068,eclipse,rdf4j
4071,security-breachlock,CVE-2018-19507
4075,Jxysir,YZM-CSRF-
4077,processing,processing
4078,devinsmith,libexcel
4081,security-breachlock,CVE-2018-16627
4083,source-trace,semcms
4084,wstmall,wstmart
4085,lisa-lab,pylearn2
4086,rdincel1,Craft-CMS-3.0.25---Cross-Site-Scripting
4087,dexter2206,ymlref
4089,security-breachlock,CVE-2018-19506
4093,security-breachlock,CVE-2018-16638
4095,SwftCoins,SwftCoin
4098,caryll,otfcc
4099,hs-web,hsweb-framework
4102,security-breachlock,CVE-2018-19845
4103,nightflyza,Ubilling
4104,security-breachlock,CVE-2018-19902
4107,security-breachlock,CVE-2018-19918
4110,Sama34,OUGC-Awards
4113,security-breachlock,CVE-2018-19601
4114,TeamEasy,EasyCMS
4119,irsl,knc-memory-exhaustion
4125,Veeeooo,phpwind
4130,Ppsoft1990,Metinfo6.1.3
4133,NexxusUniversity,nexxuscoin
4146,security-breachlock,CVE-2018-19844
4149,ptaoussanis,sente
4152,Wechat-Group,WxJava
4154,security-breachlock,CVE-2018-16637
4159,chatopera,cosin
4160,ucbrise,opaque
4162,pypiserver,pypiserver
4167,security-breachlock,CVE-2018-19904
4168,buildbot,buildbot
4169,security-breachlock,CVE-2018-19905
4173,Eas3n,Vulnerabilities
4174,zeromq,libzmq
4182,horazont,aioxmpp
4184,X2Engine,X2CRM
4186,osclass,Osclass
4188,the-tcpdump-group,tcpdump
4189,irsl,ADB-Backup-APK-Injection
4190,silverstripe,sapphire
4193,IlchCMS,Ilch-2.0
4203,open-classifieds,openclassifieds2
4208,gogits,gogs
4211,liu21st,onethink
4212,AvaterXXX,emlsoft
4218,AvaterXXX,ZZCMS
4223,AvaterXXX,QCMS
4226,flexpaper,pdf2json
4234,paypal,permissions-sdk-php
4235,paypal,invoice-sdk-php
4238,TonyKentClark,MyCodeAudit
4240,havysec,Useful_Code
4252,GitHaaH,issue
4254,dilawar,sound
4260,robiso,wondercms
4263,vah13,extractTVpasswords
4275,thm,SansCMS
4276,ytsutano,axmldec
4278,AvaterXXX,Metinfo---XSS
4279,SecWiki,CMS-Hunter
4280,mitmproxy,mitmproxy
4281,cyberhobo,wordpress-geo-mashup
4283,pudding2,CVE-2018-14083
4286,ponchio,untrunc
4290,cc-crack,router
4292,rebill,xiaocms-x1
4303,maoGod,xyhcms
4305,instantsoft,icms2
4306,martinzhou2015,SRCMS
4308,matthiaskramm,swftools
4313,xwlrbh,Catfish
4321,actionyz,ZZCMS
4329,921580451,RealOnePlayer-sBug
4333,OpenSID,OpenSID
4336,qutebrowser,qutebrowser
4340,WangYihang,Codiad-Remote-Code-Execute-Exploit
4345,symfony,symfony
4346,barryvdh,laravel-debugbar
4355,jjanier,axml
4367,martinh,libconfuse
4386,V33RU,Invoice-Plane-XSS
4395,pngwriter,pngwriter
4418,fatcerberus,minisphere
4434,wstmall,wstmall
4446,grails-fields-plugin,grails-fields
4456,aaugustin,websockets
4457,unh3x,just4cve
4464,triplea-game,triplea
4465,lzlzh2016,easymagazine
4473,lzlzh2016,CraftedWeb
4479,umlet,umlet
4496,lsh123,xmlsec
4507,pkp,pkp-lib
4509,chenrui1896,issue
4510,p8w,akcms
4513,XIMDEX,ximdex
4518,oswetto,LoboEvolution
4520,raydac,netbeans-mmd-plugin
4521,ruby,ruby
4526,kofa2002,splunk
4532,lzlzh2016,CVE
4544,kongxin520,YzmCMS
4545,shy2850,node-server
4554,EmreOvunc,Eaton-Intelligent-Power-Manager-Local-File-Inclusion
4611,helloheary,SGIN.CN-V9.4.10-product-has-XSS-in-login-page
4615,luin,medis
4619,IceEnd,Yosoro
4622,TylerGarlick,angular-redactor
4628,zorlan,skycaiji
4629,EmreOvunc,mySCADA-myPRO-7-projectID-Disclosure
4630,fanyibo2009,cscms
4641,DediData,wpforo
4643,Blck4,HUE-Exploit
4651,yupoxiong,BearAdmin
4656,gouguoyin,phprap
4659,edwardz246003,misc
4663,zhaoheng521,PbootCMS
4664,TekerFue,YXcms-Code-Audit
4665,TekerFue,SDcms-Code-Audit
4670,anhkgg,poc
4674,otavioarj,SIOCtl
4685,kgsdy,D-Link-DSL-3782-EU
4686,serghey-rodin,vesta
4692,axublog,axublog
4703,Kliqqi-CMS,Kliqqi-CMS
4704,datenstrom,yellow
4706,faizzaidi,Composr-CMS-10.0.13-Cross-Site-Scripting-XSS
4714,laurent22,joplin
4718,rockiger,akiee
4721,brannondorsey,radio-thermostat
4724,goodrain-apps,chanzhieps
4728,vQAQv,Request-CVE-ID-PoC
4735,SECFORCE,CVE-2018-8941
4738,iceMatcha,Some-Vulnerabilities-of-D-link-Dir815
4743,hi-KK,CVE-Hunter
4746,nikhil1232,Cockpit-CMS-XSS-POC
4747,SukaraLin,Drops
4750,Kotti,Kotti
4751,cherryla,zzcms
4755,pradeepjairamani,TYPO3-XSS-POC
4758,airbnb,knowledge-repo
4760,learnsec6,test
4770,CREDITWEST,CWCMS
4771,yaxuan404,OTCMS_3.2
4772,xuheunbaicai,cangku
4777,ttylx,Cve_reveal
4779,oyeahtime,test
4784,zxyxx,cmsms_vul
4786,hucmosin,Python_Small_Tool
4792,mspaling,mbam-exclusions-poc-
4799,textpattern,textpattern
4809,D0neMkj,POC_BSOD
4810,libevent,libevent
4834,faizzaidi,GeniXCMS-Version-1.1.0-Cross-Site-Scripting-XSS
4851,myndtt,vulnerability
4861,D0neMkj,EXP_IOT
4863,TheBeeMan,Pwning-multiple-dlink-router-via-SOAP-proto
4867,theyiyibest,AWStatsFullPathDisclosure
4868,spencerdodd,public-writeups
4871,SQYY,CVE
4876,erpscanteam,CVE-2018-2380
4877,CouchCMS,CouchCMS
4889,bitpay,insight-api
4890,0pc0deFR,wordpress-sploit-framework
4891,0pc0deFR,Exploits
4893,AntsKnows,CVE
4894,kongxin520,DedeCMS
4896,mautic,mautic
4899,pradeepjairamani,WolfCMS-XSS-POC
4901,ZhiyuanWang-Chengdu-Qihoo360,Micropoint_POC
4903,ZhiyuanWang-Chengdu-Qihoo360,Jiangmin_Antivirus_POC
4904,ZhiyuanWang-Chengdu-Qihoo360,WatchDog_AntiMalware_POC
4913,kgsdy,D-Link-DIR-629
4916,Khwarezmia,WPS_POC
4918,formspree,formspree
4920,Hurdano,JavaMelody-XSS
4921,openssl,openssl
4925,ZhiyuanWang-Chengdu-Qihoo360,MaxSecureAntivirus_POC
4929,whiteHat001,DRIVER_POC
4935,CosmoCMS,Cosmo
4937,dwfault,PoCs
4943,spesmilo,electrum
4944,lihonghuyang,vulnerability
4954,bitfu,uc-httpd-1.0.0-buffer-overflow-exploit
4963,juliangruber,brace-expansion
4965,pocoproject,poco
4971,cmaruti,reports
4973,cryptonotefoundation,cryptonote
4979,Arsenal21,simple-download-monitor
4987,afaqurk,linux-dash
4988,rubyfly,K7AntiVirus_POC
4999,ibey0nd,CVE
5002,invoiceninja,invoiceninja
5008,00theway,exp
5016,Bypass007,vuln
5027,Elvin9,NotSecDrv
5029,convisoappsec,advisories
5036,mwarning,KadNode
5055,mazen160,struts-pwn
5062,jcupitt,libvips
5071,r3naissance,NSE
5075,Gnoxter,mountain_goat
5076,forkcms,forkcms
5079,shish,shimmie2
5080,vadz,libtiff
5095,ZhiyuanWang-Chengdu-Qihoo360,EscanAV_POC
5104,Mindwerks,wildmidi
5108,cobbler,cobbler
5112,sshipway,routers2
5119,ruby,openssl
5127,apple,cups
5136,jgraph,mxgraph
5138,cnvs,canvas
5154,pravednik,xmlBundle
5156,elabftw,elabftw
5160,IJHack,QtPass
5164,stefanesser,suhosin
5171,BookStackApp,BookStack
5189,mushorg,glastopf
5193,securifera,CVE-2018-6546-Exploit
5194,RisingStack,protect
5199,jduck,asus-cmd
5203,QQ704568679,YXcms-Code-audit
5209,zlgxzswjy,BUI-select-xss
5215,AlwaysHereFight,YZMCMSxss
5225,0xWfox,Winmail
5231,ezelf,AntiWeb_testing-Suite
5240,mantisbt,mantisbt
5241,openstack,nova
5244,openstack,horizon
5247,Legrandin,pycrypto
5248,melkote,mochiweb
5253,owncloud,core
5255,SUSE-Cloud,barclamp-deployer
5260,sivann,itdb
5261,halostatue,minitar
5262,justinhunt,moodle-filter_poodll
5263,PhalconEye,phalconeye
5265,phreebooks,PhreeBooksERP
5266,Matroska-Org,foundation-source
5267,xdrr,webapp-exploits
5269,Telaxus,EPESI
5273,FenixHosting,fenix-open-source
5274,groovel,cmsgroovel
5276,tboothman,imdbphp
5278,Gargaj,wuhu
5279,jqueryfiletree,jqueryfiletree
5280,ionize,ionize
5281,Smith0r,burgundy-cms
5283,andrzuk,FineCMS
5290,INTER-Mediator,INTER-Mediator
5291,slims,slims7_cendana
5292,reasoncms,reasoncms
5293,k0keoyo,Driver-Loaded-PoC
5303,sahildhar,sahildhar.github.io
5306,mmmxny,K7-Antivirus
5308,Tatsh,pngdefry
5315,sheehan,grails-console
5317,devryan,GamePanelX-V3
5318,hfiref0x,LightFTP
5319,theguly,CVE-2017-14105
5328,realistic-security,CVE-2017-16524
5335,concrete5,concrete5-legacy
5345,paintballrefjosh,MaNGOSWebV4
5350,hamkovic,Admidio-3.2.5-SQLi
5355,cbayet,Exploit-CVE-2017-6008
5356,octobercms,october
5372,python-imaging,Pillow
5373,rubyfly,IKARUS_POC
5381,ZoneMinder,ZoneMinder
5382,ellson,graphviz
5387,NaturalIntelligence,wp-thumb-post
5388,file,file
5391,lepture,mistune
5394,themoken,canto-curses
5398,JamesIT,vuln-advisories-
5410,E2OpenPlugins,e2openplugin-OpenWebif
5414,faizzaidi,Wolfcms-v0.8.3.1-xss-POC-by-Provensec-llc
5415,psycopg,psycopg2
5417,yangchonghui2017,cve
5419,teknoraver,aacplusenc
5429,rezhish,NexusPHP
5433,phantom0301,vulns
5436,JojoCMS,Jojo-CMS
5441,delta,pragyan
5443,axkibe,lsyncd
5448,leonzhao7,vulnerability
5451,jsj730sos,Vulnerability-details
5452,johndyer,mediaelement
5455,UUUUnotfound,cve-2017-12792
5459,bingtanguan,cve
5460,schneems,wicked
5462,channelcat,sanic
5464,ud2,advisories
5465,substack,node-syntax-error
5470,C0der1iu,Nexusphppoc
5473,visionmedia,send
5477,Duncaen,prettyphoto
5484,kevins1022,cve
5492,oyvindkinsey,easyXDM
5495,taglib,taglib
5496,jborg,attic
5498,libreswan,libreswan
5499,oyejorge,gpEasy-CMS
5500,bramkorsten,Note
5501,wlinzi,security_advisories
5503,realtimeprojects,quixplorer
5509,volca,markdown-preview
5513,curlyboi,hashtopus
5514,citymont,symetrie
5516,GlobizSolutions,snowfox
5517,XiaoZhis,ProjectSend
5518,TheFirstQuestion,HelpMeWatchWho
5523,Xyntax,POC-T
5524,ioquake,ioq3
5525,getusedtoit,wp-slimstat
5531,shadow4u,goaheaddebug
5533,blueriver,MuraCMS
5536,offensive-security,exploit-database
5538,loomio,loomio
5539,zencart,zencart
5540,ladybirdweb,faveo-helpdesk
5541,milesj,php-decoda
5546,vstakhov,rspamd
5548,dagolden,Capture-Tiny
5553,s9y,Serendipity
5558,gitsucce,nexusphp
5559,yzcrnx,finecms
5566,kzar,watchadblock
5567,pgbouncer,pgbouncer
5577,kraih,mojo
5585,libguestfs,libguestfs
5586,mjg59,linux
5590,payatu,QuickHeal
5594,trollepierre,tdm
5599,Ha0Team,crash-of-sqlite3
5601,mikel,mail
5605,SquareSquash,web
5610,pslegr,core-1
5613,osclass,OSClass
5619,0ang3el,unsafe-xmlrpc
5651,kohler,t1utils
5652,stealth,troubleshooter
5654,micromata,projectforge-webapp
5660,jboss-fuse,fuse
5663,newsoft,libvncserver
5664,sup-heliotrope,sup
5668,htacg,tidy-html5
5672,happyworm,jPlayer
5677,nowsecure,samsung-ime-rce-poc
5683,thoughtbot,paperclip
5684,FFmpeg,FFmpeg
5703,offensive-security,exploit-database-bin-sploits
5711,openid,php-openid
5713,ivmai,bdwgc
5715,Eugeny,ajenti
5717,djblets,djblets
5726,IAIK,wolfSSL-DoS
5728,mitsuhiko,jinja2
5729,borfast,arrispwgen
5731,rjbs,Email-Address
5732,geir54,php-sqrl
5733,kajona,kajonacms
5734,znc,znc
5735,geddy,geddy
5740,sgminer-dev,sgminer
5741,ckolivas,cgminer
5742,luke-jr,bfgminer
5744,ASKBOT,askbot-devel
5749,bblanchon,ArduinoJson
5754,vrtadmin,clamav-devel
5759,kneecht,adminsystems
5763,fusesource,hawtjni
5764,ZF-Commons,ZfcUser
5765,joswr1ght,drozer-modules
5767,SpiderLabs,ModSecurity
5770,fail2ban,fail2ban
5773,bittorrent,bootstrap-dht
5774,desrt,systemd-shim
5783,rhuss,jolokia
5793,LimeSurvey,LimeSurvey
5796,lingej,pnp4nagios
5800,mayan-edms,mayan-edms
5802,corosync,corosync
5803,openstack,heat-templates
5805,github,hub
5807,leizongmin,tomato
5808,Katello,katello-installer
5809,artemharutyunyan,getmecamtool
5810,mkdynamic,omniauth-facebook
5812,jenkinsci,subversion-plugin
5814,rjmackay,Ushahidi_Web
5818,reviewboard,reviewboard
5819,openSUSE,kiwi
5821,esl,MongooseIM
5823,bonzini,qemu
5826,flowplayer,flowplayer
5831,aczire,huawei-csrf-info_disclosure
5832,glensc,file
5835,OTRS,otrs
5846,mybb,mybb
5847,Elgg,Elgg
5848,mrash,fwsnort
5849,lxc,lxc
5866,fatfreecrm,fat_free_crm
5871,rackerlabs,openstack-guest-agents-windows-xenserver
5872,openid,ruby-openid
5875,joomla,joomla-cms
5880,shookalabs,exploits
5882,polarssl,polarssl
5886,rcook,rgpg
5889,gallery,gallery3
5891,graphite-project,graphite-web
5908,Cotonti,Cotonti
5909,moxiecode,moxieplayer
5910,LawnGnome,php-radius
5912,lift,framework
5913,moxiecode,plupload
5917,Jabberd2,jabberd2
5921,webmin,webmin
5924,jnunemaker,crack
5925,jnunemaker,httparty
5926,datamapper,extlib
5927,mono,mono
5928,Katello,katello
5931,openshift,origin-server
5940,silverstripe,silverstripe-cms
5950,openstack,keystone
5963,SUSE-Cloud,barclamp-crowbar
5965,darold,squidclamav
5966,android,platform_bionic
5968,ezsystems,ezjscore
5973,rodnaph,sockso
5976,ushahidi,Ushahidi_Web
5989,opscode,chef
5990,ned14,nedmalloc
6016,revolutionary,zergRush
6017,Illydth,wowraidmanager
